Справочник "Номенклатура"			
 			
Код	Наименование	Единица измерения	Срок годности, суток
447	Консервы		0
687	Говядина РБ Домашняя сорт 1	кг	0
688	Говядина РБ Заказная 2 сорт	кг	0
538	Жир-сырец св. (сальник ) 1гр. зам.	кг	0
669	Консерва  " Каша перловаая мясом птицы" стер. ж/б	шт	0
802	Консерва "Говядина тушенная" 1с Копыльская (РБ)	шт	0
806	Консерва рубная карп натуральный 230гр (РБ)	шт	0
807	Консерва рубная Карп томатном соусе 230гр (РБ)	шт	0
912	Консервы мясные Говядина рубленная  тушеная 0,338 РБ	шт	0
1525	Консервы мясные кусковые из свинины стерилизованные "Мясо тушеное по-дубровски"ГОСТ34177-2017	шт	0
585	Консервы мясные кусковые стереализованные "Говядина тушеная"в собственном соку	шт	0
798	Консервы мясные кусковые стереализованные "Говядина тушеная"в собственном соку	шт	0
1481	Консервы мясные кусковые стереализованные "Свинина тушеная"первый сорт ГОСТ 32125 338гр	шт	0
574	Консервы мясные рубленые стереализованные "Свинина по-белорусски"(РБ)	шт	0
1657	Консервы мясные рубленые, стереализованные из свинины "Свинина по-белорусски"(РБ) ГОСТ 34177-2017,	шт	0
632	Консервы мясоростительные " Каша перловаая сытная" (РБ)	шт	0
659	Масло подсолнечное рафинированое Жемчужина поволжья 0,8л	шт	0
646	Мясо свинина беконная датской селекции 2кат.охл в шкуре	кг	0
670	Сало Белорусское (РБ)	кг	0
673	Свинина 2 кат. в/шкуре в п/т б/в б/н охл.	кг	12
580	Свинина жирная жилованная охл. (для колбасного производства)	кг	0
578	Сельдь атлантическо - скандинавская н/разд. крупн. мороженная	кг	0
577	Сельдь атлантическо - скандинавская н/разд.350 г. и бол мороженная	кг	0
586	Скумбрия атлантическая 300-600 н/р с/м 1сорт	кг	0
518	Товары розничные	кг	0
539	Уши свиные зам.	кг	0
541	Щековина свиная замороженная	кг	0
1656	Полуфабрикаты охл.		0
857	Розница		0
881	Арахис в х/к."ХМЕЛЬНОВ" (вк.мекс.соус)60г	шт	0
882	Арахис в х/к."ХМЕЛЬНОВ" (вк.реб.барб)60г	шт	0
1582	Батончик ваф. "SMILE TIME" (ваниль) 21г	шт	0
1581	Ваф.батончик "SMILE TIME" (шоколад) 33г	шт	0
887	Вода мин.прир.леч-ст.пит "ДАРИДА"(газ) 0,5л	шт	0
1527	Вода мин.прир.леч-ст.пит "ДАРИДА"(газ) 0,75л	шт	0
870	Вода мин.прир.леч-ст.пит "ДАРИДА"(газ) 1л	шт	0
1489	Вода мин.прир.леч-ст.пит "ДАРИДА"(газ) 1л	шт	0
1570	Вода минеральная "МИНСК-4" 1л	шт	0
1414	Вода минеральная "МИНСК-4" 2л	шт	0
1569	Вода пит.."МИНСКАЯ" (н/г,природн,пэт)1,5л	шт	0
872	Вода пит.прир. "ДАРИДА"(н/газ) 0.75л	шт	0
886	Вода пит.прир. "ДАРИДА"(н/газ) 1.5л	шт	0
865	Вода питьевая  "AURA" (негаз.) 1.5 л	шт	0
1574	Грибы шампиньоны (фас) РБ, 600г	шт	0
1587	Задняя часть Оригинальная Полуфабрикат мясной натуральный крупнокусковой мясокостный из свинины охла	кг	0
1577	Картофель (урожай 2025) РБ 1кг	кг	0
1583	Картофель фри 7/7 (4*2,5кг)	кг	0
876	Кетчуп "АВС" (шашлычный гриль, п/бУТ) 900г	шт	0
889	Кетчуп "Д/ВСЕЙ СЕМЬИ" (том, бут) 900г	шт	0
1491	Крупа рис "БАБУШК КУХ ЛЮБИМ" (пропар)700г	шт	0
1580	Майон соус  "СЫРНЫЙ" (Махеевъ) 200мл	шт	0
877	Майонез "МАХЕЕВЪ" (оливковый,50.5%) 1кг	шт	0
1584	Наггетсы темпурные заморож.флоупак 2кг.	кг	0
859	Напит.пив.газ."/HARDY LEMON"(с/б) 0.45л	шт	0
864	Напиток "COCO-COLA ZERO" (б/а,газ) 1л	шт	0
866	Напиток "COCO-COLA" 0.5л	шт	0
868	Напиток "FANTA"(апельсин) 0.5л	шт	0
1575	Напиток "КОКА-КОЛА" 1л	шт	0
867	Напиток "СПРАЙТ" 0.5л	шт	0
1416	Напиток "СПРАЙТ" 0.5л	шт	0
861	Напиток пив "DR.DIESEL"(еж/грейп,ст) 0.45л	шт	0
888	Напиток пив "DR.DIESEL"(лим/лайм,ст) 0.45л	шт	0
871	Нектар "АВС"(мультифр,слим) 0.2л	шт	0
1579	Нектар "ДОБРЫЙ" (ябл/чер.ряб.мал.) 0,2л	шт	0
1528	Нектар "СОЧНЫЙ ФРУКТ"(м/фрукт,т.з.) 0.2л	шт	0
1490	Нектар "СОЧНЫЙ ФРУКТ"(ябл-белый виноград) 0.2л	шт	0
869	Нектар "СОЧНЫЙ ФРУКТ"(ябл-черничный) 0.2л	шт	0
874	Огурец колючий РБ 1 кг	кг	0
1585	П/Ф Чебурек со свининой	шт	0
1586	П/Ф Чебурек со свининой и говядиной	шт	0
1588	Передня часть Оригинальная Полуфабрикат мясной натуральный крупнокусковой мясокостный из свинины охл	кг	0
860	Пив.нап."DR.DIESEL"(виш/пер,ст) 0.45л	шт	0
858	Пиво "АЛИВАРИЯ БЕЛОЕ ЗОЛОТО" (ст,б) 0.45л	шт	0
884	Пиво "АЛИВАРИЯ БЕЛОЕ ЗОЛОТО" (ст,б) 0.45л	шт	0
1417	Пиво "АЛИВАРИЯ БЕЛОЕ ЗОЛОТО" (ст,б) 0.45л	шт	0
863	Пиво "АЛИВАРИЯ БЕЛОЕ СВЕТЛАЕ" (ст,б) 0.45л	шт	0
1576	Пиво "АЛИВАРИЯ ЗОЛОТОЕ" (ст,б) 0.45л	шт	0
862	Пиво "АЛИВАРИЯ ПРАЗДНИЧНОЕ" (св,ст) 0.5л	шт	0
885	Пиво "АЛИВАРИЯ ПРАЗДНИЧНОЕ" (св,ст) 0.5л	шт	0
883	Пиво "АЛИВАРИЯ ЮБИЛЕЙНОЕ" (тем,ст) 0.5л	шт	0
1415	Пиво "БАГЕМСКАЕ ПАРАВОЕ" (ст,бут) 0.5л	шт	0
1573	Салат "КАПУСТА ПО-ДОМАШНЕМУ" РБ 380гр	шт	0
875	Салат "МОРКОВЬ ПО-КОРЕЙСКИ" (эк.кл) 0.73 кг	шт	0
1571	Снеки "ОНЕГА" (сметана с луком) 70г	шт	0
1578	Сок "ДОБРЫЙ" (яблоко-виноград) 0,2л	шт	0
879	Сухарики "ХРУСТИМ" (багет,со вк. краба) 60г	шт	0
1572	Сухарики "ХРУСТИМ" (чиабат/моц/песто)) 55г	шт	0
873	Томат РБ 1 кг	кг	0
1524	Филе цыплят-бройлеров замороженное, индивидуальная упаковка	кг	0
1418	Хлеб "МАРУСИН" нар.ПАК.) 0,4кг	шт	0
890	Хлеб "РЖАНОЙ КРАЙ" (уп,нарез) 0,25кг	шт	0
880	Чипсы "LAY`S" (сметана/зелень) 37г	шт	0
439	Тара под товаром		0
440	Многооборотная тара (ящик)	кг	0
441	Подвес	кг	0
442	Поддон деревянный б/у	шт	0
443	Поддон пластиковый б/у	шт	0
444	Ящик №13	шт	0
445	Ящик №18	шт	0
446	Ящик №27	шт	0
1568	Ящик(возвратная тара)	шт	0
1	Товары		0
2	Говядина на кости		0
3	Говядина в п/т, ч/в парное		0
4	Говядина 1 кат. в п/т. или четв. без выр.	кг	0
5	Говядина 2 кат. в п/т. или четв.	кг	0
1555	Говядина 2 кат. в п/т. или четв. для П/П	кг	0
6	Говядина НИЗКАЯ в п/т или в четв.	кг	0
1612	Говядина НИЗКАЯ в п/т или в четв. П/П	кг	0
549	Говядина ОТЛИЧНАЯ  в п/т или в четв. с выр	кг	0
7	Говядина ОТЛИЧНАЯ  в п/т или в четв.без выр	кг	0
672	Говядина ОТЛИЧНАЯ  в п/т или в четв.без выр для П/П	кг	0
8	Говядина ПРИМА в п/т или в четв.без выр	кг	0
9	Говядина СУПЕР в п/т или в четв.	кг	0
10	Говядина тощая в п/т. или четв.	кг	0
1532	Говядина тощая в п/т. или четв. для промышленной переработки	кг	0
11	Говядина УДОВЛЕТВОРИТЕЛЬНАЯ в п/т или в четв.	кг	0
1544	Говядина УДОВЛЕТВОРИТЕЛЬНАЯ в п/т или в четв. для П/П	кг	0
12	Говядина ХОРОШАЯ в п/т или в четв.без выр	кг	0
13	Говядина ЭКСТРА в п/т или в четв.без выр	кг	0
14	Телятина 1 кат. в п/т. или четв. без выр.	кг	0
15	Телятина 2 кат. в п/т. или четв. без выр.	кг	0
16	Телятина тощая в п/т. или четв.	кг	0
1546	Телятина тощая в п/т. или четв. для П/П	кг	0
17	Говядина в п/т, ч/т Зам.		0
18	Говядина в п/т, ч/т Охл.		0
19	Говядина 1 кат. в п/т. или четв. с выр. охл.	кг	16
1553	Говядина 2 кат. в п/т. или четв. с вырезкой охл. для промышленной переработки	кг	16
837	Говядина 2 кат. в п/т. или четв. с/в зам.	кг	365
20	Говядина 2 кат. в п/т. или четв. с/в охл.	кг	16
841	Говядина 2 кат. в полутушах или четвертинах с вырезкой охл.	кг	16
22	Говядина кат. ОТЛИЧНАЯ в полутушах или в четвертинах с вырезкой охлажденная	кг	16
26	Говядина кат. УДОВЛЕТВОРИТЕЛЬНАЯ в полутушах или в четвертинах с вырезкой охлажденная	кг	16
21	Говядина НИЗКАЯ в п/т или в четв.с выр охл.	кг	16
1609	Говядина НИЗКАЯ в п/т или в четв.с выр охл. для промышленной переработки	кг	16
23	Говядина ПРИМА в п/т или в четв.с выр охл.	кг	16
24	Говядина СУПЕР в п/т или в четв.с выр охл.	кг	16
514	Говядина тощая в п/т. или четв. для п/п  охл.	кг	16
854	Говядина тощая в п/т. или четв. с выр. зам.	кг	16
25	Говядина тощая в п/т. или четв. с выр. охл.	кг	16
1538	Говядина тощая в п/т. или четв. с выр. охл. для промпереработки	кг	16
1543	Говядина УДОВЛЕТВОРИТЕЛЬНАЯ в п/т или в четв.с выр охл. для П/П	кг	16
27	Говядина ХОРОШАЯ в п/т или в четв.с выр охл.	кг	16
28	Говядина ЭКСТРА в п/т или в четв.с выр охл.	кг	16
1661	Мясо обваленое говяжье охл. п/п	кг	0
29	Телятина 1 кат. в п/т. или четв. с выр. охл.	кг	16
30	Телятина 2 кат. в п/т. или четв. с выр. охл.	кг	16
31	Телятина тощая в п/т. или четв. с выр. охл.	кг	16
1545	Телятина тощая в п/т. или четв. с выр. охл. для П/П	кг	16
32	Кишечное сырье		0
526	Гузенка-полуфабрикат свиной охл	кг	0
525	Гузенка-полуфабрикат свиной соленый зам.	кг	730
524	Гузенка-полуфабрикат свиной соленый охл.	кг	548
527	Мочевой пузырь-полуфабрикат свиной охл	кг	0
33	Мочевой пузырь-полуфабрикат свиной соленый зам.	кг	0
34	Мочевой пузырь-полуфабрикат свиной соленый охл.	кг	0
831	Черева - сырец свиной	кг	180
904	Черева - сырец свиной пп	кг	180
832	Черева - сырец свиной, консервированный солью охл.	кг	180
515	Черева полуфабрикат охл	м	0
39	Черева-фабрикат свиная узкая второго сорта, соленая замороженная	шт	0
40	Черева-фабрикат свиная узкая второго сорта, соленая охлажденная	шт	548
41	Черева-фабрикат свиная узкая первого сорта, соленая замороженная	шт	0
42	Черева-фабрикат свиная узкая первого сорта, соленая охлажденная	шт	548
43	Черева-фабрикат свиная широкая второго сорта, соленая замороженная	шт	0
44	Черева-фабрикат свиная широкая второго сорта, соленая охлажденная	шт	0
45	Черева-фабрикат свиная широкая первого сорта, соленая замороженная	шт	0
46	Черева-фабрикат свиная широкая первого сорта, соленая охл.	шт	548
47	Кожевеное сырье		0
671	Сырье кожевенное нестандартное. Обрезь шкур крупного рогатого скота. Мокросоленая (0511)	кг	548
48	Сырье кожевенное. Шкуры контурированные крупного рогатого скота Мокросоленые, 1сорт	кг	0
49	Сырье кожевенное. Шкуры контурированные крупного рогатого скота Мокросоленые, 2сорт	кг	0
50	Сырье кожевенное. Шкуры контурированные крупного рогатого скота Мокросоленые, 3сорт	кг	0
51	Сырье кожевенное. Шкуры контурированные крупного рогатого скота Мокросоленые, 4сорт	кг	0
52	Сырье кожевенное. Шкуры контурированные крупного рогатого скота Мокросоленые, нестандартные	кг	548
53	Сырье кожевенное. Шкуры крупного рогатого скота мокросоленые,нестандартные	кг	548
692	Сырье кожевенное. Шкуры не контурированные крупного рогатого скота  нестандартные	кг	548
54	Колбасные изделия и копчености		0
55	Колбаса в/к		0
56	Барбадос сервелат в/к в/с	кг	25
58	Кремлевский  сервелат в/к в/с охл.	кг	30
830	ОРИГИНАЛЬНАЯ в/к в/с охл. (производство)	кг	30
660	Рублевский Люкс сервелат в/к в/с охл. ВАКУУМ	кг	30
60	Рублевский Люкс сервелат в/к в/с охл.ГАЗ	кг	30
61	Колбаса вареная, сосиски, сардельки		0
62	Ароматные сардельки вареные 2с охл.ГАЗ	кг	30
64	Советские сосиски вареные в/с охл.	кг	45
65	Колбаса с/в		0
66	Кабаносы с/в в/с В/У	кг	60
835	Колбаса "Застольная", (производство)с/в, в/с, охл., в/у	кг	120
645	Королевская колбаса с/в в/с охл.	кг	60
67	Королевская колбаса с/в в/с охл. В/У	кг	60
658	Королевская колбаса с/в в/с охл. В/У ИНВЕСТРЫБПРОМ	кг	60
655	Королевская колбаса с/в в/с охл. групповая МГС	кг	60
644	Славянские традиции колбаса с/в в/с охл.	кг	60
68	Славянские традиции колбаса с/в в/с охл. В/У	кг	60
712	Сыровяленое колбасное изделие салями мясное. Колбаса '"Клімаўскі прысмак", в/с, охлажденная, упакова	кг	120
69	Тёщина колбаса с/в в/с охл. В/У	кг	60
657	Тёщина колбаса с/в в/с охл. В/У ИНВЕСТРЫБПРОМ	кг	60
70	Царское угощение колбаса с/в в/с охл. В/У	кг	60
71	Колбаса с/к		0
654	Графская колбаса с/к в/с охл.	кг	60
656	Графская колбаса с/к в/с охл. групповая МГС	кг	60
73	От Бабушки колбаса с/к в/с охл.	кг	70
1672	Сыровяленое колбасное изделие салями мясное.Колбаса "Графская" высшего сорта, весовое	кг	45
72	Сыровяленое колбасное изделие салями мясное.Колбаса "Графская" высшего сорта,упаковано под вакуумом	кг	120
74	Тёщина колбаса с/к в/с охл. В/У	кг	60
75	Фелино Италия колбаса с/к в/с охл.	кг	120
650	Продукты из мяса птицы		0
651	Продукт из мяса цыплят-бройлеров копчено-вареный Филе "Велес" охлажденный	кг	40
76	Продукты из свинины в/к		0
838	Деликатес Минский продукт к/в охл.В/У производство	кг	50
78	Ковалочек Деревенский продукт к/в охл. В/У	кг	50
79	Поросенок домашний продукт к/в охл.В/У	кг	50
1493	Продукт из мяса свинины мясной копчено-вареный "Рулет Могилевский", упаковано под вакуумом	кг	40
80	Ребра Любительские продукт к/в мясной охл.ВУ	кг	20
682	Рулет Деревенский продукт к/в охл. В/У	кг	40
81	Рулет Полесский продукт к/в мясной охл.	кг	20
82	Рулет Полесский продукт к/в мясной охл.В/У	кг	50
83	Филей Белоруский продукт к/в охл.В/У	кг	50
84	Филей Боярский продукт к/в охл.В/У	кг	50
86	Продукты из свинины с/в		0
87	Полендвица Традиционная Продукт из свин. с/в охл.	кг	25
88	Полендвица Традиционная Продукт из свин. с/в охл. В/У	кг	20
90	Продукты из свинины с/к		0
91	Бекон Сытный Продукт из свин. с/к мясной охл.	кг	35
92	Божоле Мраморное Продукт из свин. мясной с/к охл.	кг	25
94	Вырезка Традиционная Продукт из свин. с/к охл.	кг	25
95	Вырезка Традиционная Продукт из свин. с/к охл. В/У	кг	25
705	Коппа Полесская Продукт с/к В/У	кг	40
96	Полендвица Традиционная Продукт из свин. с/к охл.	кг	25
97	Полендвица Традиционная Продукт из свин. с/к охл. В/У	кг	25
98	Филей Праздничный Продукт из свин. с/к охл.	кг	25
258	Продукты из шпика		0
259	Продукт из шпика мясной соленый "Грудинка свинная Домашняя" охлажденный	кг	60
511	Продукт из шпика мясной соленый "Шпик Крестьянский" охлажденный	кг	60
677	Продукт из шпика мясной соленый в оболочке "Шпик Смачный" охлажденный	кг	30
99	Сервировочная нарезка		0
1508	Бекон Классический  Продукт из свин. с/к мясной охл.В/У 0.200гр (серв.нар.)	шт	50
101	Бекон Сытный Продукт из свин. с/к мясной охл.В/У (серв.нар.)	кг	25
102	Кабаносы 50г с/в в/с охл. В/У	кг	60
103	Мясо говядины сортовое		0
523	Внутр. пояснично-подвздош. мышца говяжья нежилованная	кг	2
1419	Внутр. пояснично-подвздош. мышца говяжья нежилованная для П/П	кг	2
479	Вырезка говяжья жилованная охл.	кг	0
478	Вырезка говяжья нежилованная охл.	кг	2
490	Говядина 1 сорта охл.	кг	0
491	Говядина 2 сорта охл.	кг	16
492	Говядина высшего сорта охл.	кг	0
710	Говядина жирная с мас.дол.жир.тк.не бол.35% охл.	кг	0
493	Говядина колбасная с мас.дол.жир.тк.не бол.12% охл.	кг	0
497	Говядина односортная для КОЛБ. с мас.дол.жир.тк.не бол.10% охл.	кг	0
498	Говядина односортная для КОНСЕРВ. с мас.дол.жир.тк.не бол.14% охл.	кг	0
494	Говядина односортная с мас.дол.ж.тк.не бол.12% охл.	кг	0
495	Говядина односортная с мас.дол.жир.тк.не бол.10% охл.	кг	0
496	Говядина односортная с мас.дол.жир.тк.не бол.14% охл.	кг	0
480	Грудная часть говяжья охл.	кг	0
481	Длиннейшая мышца говяжья охл.	кг	0
507	Жир-сырец говяжий от обвалки охл.	кг	0
482	Задняя голяшка говяжья М/К охл.	кг	0
483	Котлетное мясо говяжье  охл.	кг	2
484	Лопаточная часть говяжья охл.	кг	2
499	Мясная обрезь говяжья охл.	кг	0
485	Набор для бульона говяжий М/К охл.	кг	0
667	Отруб средний гов. охл.	кг	0
666	Отруб тазобедренный гов. охл.	кг	0
665	Отруб шейно-лопаточный гов. охл.	кг	0
486	Передняя голяшка говяжья М/К охл.	кг	0
487	Реберные пластины говяжьи М/К охл.	кг	0
701	Соединительная ткань говяжья грубая	кг	2
488	Тазобедренная часть говяжья охл.	кг	2
489	Шейная часть говяжья охл.	кг	0
652	Мясо птицы		0
653	Филе грудки ц/бр охл	кг	0
1606	Филе индейки  замороженное полимерный лоток	кг	0
104	Мясо свинины сортовое		0
509	Внутр. пояснично-подвздош. мышца свин. нежил.	кг	0
105	Внутр. пояснично-подвздош. мышца свин. нежил. охл.	кг	0
903	Внутр. пояснично-подвздош. мышца свин. нежил. пп	кг	0
906	Внутр. пояснично-подвздош. мышца свин.охл. нежил. пп	кг	0
453	Вырезка свиная охл.	кг	0
633	Грудинка свиная Б/К без шкуры охл.	кг	0
454	Грудинка свиная Б/К охл.	кг	0
1453	Грудинка свиная Б/К охл. п/п А	кг	0
455	Грудинка свиная М/К охл.	кг	0
468	Грудобрюшная часть свиная охл.	кг	0
540	Диафрагма жилованная свинная охл.	кг	0
537	Жир-сырец свиной охл.	кг	0
533	Задняя часть свиная М/К охл.	кг	0
456	Корейка свиная М/К охл.	кг	0
457	Котлетное мясо свиное охл.	кг	0
458	Лопаточная часть свиная охл.	кг	0
528	Мякоть голени и рульки свиная охл.	кг	0
477	Мясная обрезь жилованная свиная охл.	кг	0
530	Мясная обрезь нежилованная свиная охл.	кг	0
459	Набор для бульона свиной М/К охл.	кг	0
631	Отруб задний охл.	кг	0
630	Отруб передний охл.	кг	0
532	Передняя часть М/К свиная охл.	кг	0
461	Рагу из свинины М/К охл.	кг	0
462	Реберные пластины свинины (50%)  М/К охл.	кг	0
1454	Реберные пластины свинины (50%)  М/К охл. п/п А	кг	0
463	Реберные пластины свинины (80%) М/К охл.	кг	0
464	Рулька (предплечье) свиная М/К охл.	кг	0
473	Свинина жирная жилованная охл.	кг	0
1455	Свинина жирная жилованная охл. п/п А	кг	0
474	Свинина нежирная жилованная охл.	кг	0
1456	Свинина нежирная жилованная охл. п/п А	кг	0
476	Свинина односортная жилованная охл.	кг	0
475	Свинина полужирная жилованная охл.	кг	0
1457	Свинина полужирная жилованная охл. п/п А	кг	0
460	Спинно-поясничная часть свиная охл.	кг	0
1458	Спинно-поясничная часть свиная охл. п/п А	кг	0
694	Спинно-поясничный отруб свиной охл.	кг	0
690	Спинной хребет М/К охл.	кг	0
466	Тазобедренная часть свиная М/К охл.	кг	0
465	Тазобедренная часть свиная охл. без шкуры	кг	0
1459	Тазобедренная часть свиная охл. п/п А	кг	0
467	Шейная часть свиная охл.	кг	0
707	Шейный отруб свиной охл.	кг	0
472	Шпик боковой б/ш охл.	кг	0
470	Шпик боковой в/ш охл.	кг	0
1669	Шпик боковой зам.	кг	180
471	Шпик хребтовой б/ш охл.	кг	0
469	Шпик хребтовой в/ш охл.	кг	0
1670	Шпик хребтовой зам.	кг	180
583	Щекавина свин. жил. охл.	кг	0
106	Отходы непищевые		0
107	Кератиносодержащие отходы (щетина, шерсть)	кг	0
502	Кость говяжья 1 категории	кг	0
501	Кость свиная 1 категории	кг	0
797	Кость свиная 2 категории	кг	0
108	Отходы костей животных	кг	0
109	Отходы крови животных и птицы	кг	0
110	Отходы мяса,кожи,прочие части тушки несортированные от убоя домашних животных	кг	0
111	Отходы продуктов питания, содержащие компоненты животного происхождения (мясо, жиры, кровь и прочее)	кг	0
112	Отходы производства, подобные отходам жизнедеятельности населения	кг	0
529	Потери	кг	0
113	Продукты питания испорченные,загрязненные или немаркированные	кг	0
517	Содержимое желудка	кг	0
504	Соединительная ткань  охл.	кг	0
503	Соединительная ткань и хрящи охл.	кг	0
506	Сухожилия сгибательных и разгибательных суставов охл.	кг	0
500	Технические зачистки	кг	0
584	Технические зачистки (от обвалки субпродуктов)	кг	0
505	Хрящь охл.	кг	0
114	Полуфабрикаты из говядины		0
115	Блоки. Полуфабрикаты из говядины Зам.		0
755	Блок из жил.мяс.замгов.одн.с мас.жир не бол.10% для колбасного производства	кг	360
756	Блок из жил.мяс.замгов.одн.с мас.жир не бол.14% для колбасного производства	кг	360
757	Блок из обв.мяс.Вырезка говяжья для промышленной переработки.	кг	360
116	Блок П/ф мясн.нат.из гов. Котлетное мясо гов. зам.	кг	360
117	Блок П/ф мясн.нат.к/к б/к из гов. Вырезка гов. зам.	кг	360
118	Блок П/ф мясн.нат.к/к б/к из гов. Грудная часть гов. зам.	кг	360
119	Блок П/ф мясн.нат.к/к б/к из гов. Длиннейшая мышца гов. зам.	кг	360
120	Блок П/ф мясн.нат.к/к б/к из гов. Лопаточн. часть гов. зам.	кг	360
121	Блок П/ф мясн.нат.к/к б/к из гов. Тазобедр. часть гов. зам.	кг	360
122	Блок П/ф мясн.нат.к/к б/к из гов. Шейная часть гов. зам.	кг	360
123	Блок П/ф мясн.нат.к/к м/к из гов. Задняя голяшка. гов. зам.	кг	360
124	Блок П/ф мясн.нат.к/к м/к из гов. Передняя голяшка. гов.зам.	кг	360
125	Блок П/ф мясн.нат.к/к м/к из гов. Реберные пласт. гов. зам.	кг	360
126	Блок П/ф мясн.нат.м/к м/к из гов. Набор для бульона гов.зам.	кг	360
127	Блоки из жил.мяса ГОВ.ВТОРОГО СОРТА с мас.дол.жир.тк.не бол.20%  зам.	кг	360
128	Блоки из жил.мяса ГОВ.ВЫСШЕГО СОРТА с мас.дол.жир.тк.не бол.3%  зам.	кг	360
129	Блоки из жил.мяса ГОВ.ПЕРВОГО СОРТА с мас.дол.жир.тк.не бол.6% зам.	кг	360
130	Блоки из жил.мяса зам.ГОВ.КОЛБ.с мас.дол.жир.тк.не бол.12%	кг	360
131	Блоки из жил.мяса зам.ГОВ.КОТЛ.с мас.дол.жир.тк.не бол.25%	кг	360
132	Блоки из жил.мяса зам.ГОВ.ОДНОС. ДЛЯ КОНСЕРВ. с мас.дол.жир.тк.не бол.14%	кг	360
133	Блоки из жил.мяса зам.ГОВ.ОДНОС.ДЛ КОЛБ. с мас.дол.жир.тк.не бол.10%	кг	360
134	Блоки из жил.мяса зам.ГОВ.ОДНОС.с мас.дол.ж.тк.не бол.12%	кг	360
135	Блоки из жил.мяса зам.ГОВ.ОДНОС.с мас.дол.жир.тк.не бол.10%	кг	360
136	Блоки из жил.мяса зам.ГОВ.ОДНОС.с мас.дол.жир.тк.не бол.14%	кг	360
913	Блоки из жира-сырца говяжьего от разделки мяса на кости замороженные.Первая группа. Для промышленной	кг	180
141	Блоки из ОБРЕЗИ мясн.ГОВ.жил.с мас.дол.жир.тк.не бол.20% зам	кг	360
759	Блоки из соед.ткан (груб).от жилов.гов.зам.для промышленной переработки	кг	360
758	Блоки из соед.ткан (мяг).от жилов.гов.зам.для промышленной переработки	кг	360
142	Блоки из СОЕДИН.ТКАНИ  И ХРЯЩЕЙ от жил. ГОВ. зам	кг	180
143	Блоки из СОЕДИН.ТКАНИ от жил. ГОВ. зам	кг	180
144	Блоки из СУХОЖ. СГИБ. И РАЗГИБ. СУСТАВОВ зам	кг	180
145	Блоки из ХРЯЩЕЙ от жил. ГОВ. зам	кг	180
760	Блоки из хрящей от жиловки говядины зам.для промышленной переработки.	кг	360
761	Жир-сырец гов.от.разд.мяс.на кост.зам.Первая груп.Для промышленной переработки на пищевый цели	кг	360
1668	Мясо жил.гов односортное с мас. дол.жир. и соедин. ткани не более 14% зам	кг	365
803	Соед.ткан (мяг).от жилов.гов.охл.для промышленной переработки	кг	360
780	Говядина для колбасного производства		0
781	Говядина односортная 12% охл. для колбасного производства	кг	0
782	Технические зачистки говяжьи (грубые) охл. для колбасного производства	кг	0
783	Технические зачистки говяжьи (мягкие) охл. для колбасного производства	кг	0
662	Отруба из говядины Охл.		0
663	П/ф мясной нат. м/к Средний отруб гов. охл.	кг	2
661	П/ф мясной нат. м/к Тазобедренный отруб гов. охл.	кг	2
664	П/ф мясной нат. м/к Шейно-лопаточный отруб гов. охл.	кг	2
146	Полуфабрикаты из говядин Охл.		0
147	Вырезка гов. П/ф мясной натур. к/к б/к охл.	кг	2
148	Грудная часть гов. П/ф мясной натур. к/к б/к охл.	кг	2
149	Длиннейшая мышца гов. П/ф мясной натур. к/к б/к охл.	кг	2
150	Задняя голяшка гов. П/ф мясной натур. к/к м/к охл.	кг	2
151	Котлетное мясо гов. П/ф мясной натур. охл.	кг	2
152	Лопаточная часть гов. П/ф мясн. натур.к/к б/к охл.	кг	2
634	Лопаточная часть гов. П/ф мясн. натур.к/к м/к охл.	кг	2
153	Набор для бульона гов. П/ф мясн. натур.м/к м/к охл.	кг	1
154	Передняя голяшка гов. П/ф мясной натур. к/к м/к охл.	кг	2
155	Реберные пластины гов. П/ф мясной натур. к/к м/к охл.	кг	2
156	Тазобедренная часть гов. П/ф мясной натур. к/к б/к охл.	кг	2
636	Тазобедренная часть гов. П/ф мясной натур. к/к м/к охл.	кг	2
157	Шейная часть гов. П/ф мясной натур. к/к б/к охл.	кг	2
635	Шейная часть гов. П/ф мясной натур. к/к м/к охл.	кг	2
158	Полуфабрикаты из говядины для кормления животных Зам.		0
159	Обрезь непищевая гов. для кормовых целей гов. зам.	кг	150
160	Полуфабрикаты из говядины фасованные Зам.		0
161	Вырезка гов. П/ф мясной натур. к/к б/к зам.	кг	30
162	Грудная часть гов. П/ф мясной натур. к/к б/к зам.	кг	30
163	Длиннейшая мышца гов. П/ф мясной натур. к/к б/к зам.	кг	30
164	Задняя голяшка гов. П/ф мясной натур. к/к м/к зам.	кг	30
165	Котлетное мясо гов. П/ф мясной натур. зам.	кг	30
166	Лопаточная часть гов. П/ф мясной натур. к/к б/к зам.	кг	30
1620	Мясо обваленое говяжье. Лопаточная часть говяжья без рульки замороженная	кг	365
1619	Мясо обваленое говяжье. Тазобедренная часть говяжья без голяшки замороженная	кг	365
167	Набор для бульона гов. П/ф мясной натур. м/к м/к зам.	кг	30
168	Передняя голяшка гов. П/ф мясной натур. к/к м/к зам.	кг	30
169	Реберные пластины гов. П/ф мясной натур. к/к м/к зам.	кг	30
170	Тазобедренная часть гов. П/ф мясной натур. к/к б/к зам.	кг	30
171	Шейная часть гов. П/ф мясной натур. к/к б/к зам.	кг	30
172	Полуфабрикаты из свинины		0
726	Блоки из свинины для колбасного производства охл		0
1413	Блок "Мясо голов свиное" зам. для П/П	кг	180
1467	Блок "Мясо голов свиное" зам. для п/п А	кг	180
1412	Блок из свиной щековины БЕЗ ШКУРЫ зам. для П/П	кг	180
1466	Блок из свиной щековины БЕЗ ШКУРЫ зам. для п/п А	кг	180
778	Блок п/ф для полендвицы зам..(для колбасного производства)	кг	0
777	Блок П/ф мясной нат. из свин. к/к м/к Реберн.пласт. (50%) зам. (для колбасного производства)	кг	0
762	Блок позвоночный столб свиной не менее 30% зам.для колбасного производства	кг	0
776	Блок спинно-поясничный отруб зм..(для колбасного производства)	кг	0
1464	Блоки из обваленного мяса зам..Спиннопоясничная часть свиная бескостная  п/п А	кг	180
898	Блоки из обваленного мяса зам..Спиннопоясничная часть свиная бескостная для колбасного производства.	кг	180
1597	Блоки из обваленного мяса замороженные.Лопаточная часть свиная бескостная	кг	180
1596	Блоки из обваленного мяса замороженные.Тазобедренная часть свиная бескостная	кг	180
799	Блоки из обваленного мяса замороженные.Тазобедренная часть свиная бескостная для колбасного производ	кг	0
800	Блоки из обваленного мяса замороженные.Шейная часть свиная бескостная для колбасного производства.	кг	0
727	Вырезка свиная охл.(для колбасного производства.)	кг	0
742	Голяшка свиная в/ш м/к зам (для колбасного производства)	кг	0
736	Грудинка свиная Б/К охл.(для колбасного производства)	кг	0
735	Грудинка свиная в шкуре б/к (для колбасного производства)	кг	0
728	Длиннейшая мышца свинная зам..( для колбасного производства.)	кг	0
801	Замороженный блок из свиной шкурки для колбасного производства.	кг	0
734	Лопаточная часть свиная охл. (для колбасного производства)	кг	0
745	Реберные пластины свинины (50%)  М/К охл.(для колбасного производства)	кг	0
1445	Реберные пластины свинины (50%)  М/К охл.(для колбасного производства) дав.	кг	0
741	Рулька свиная м/к зам. (для колбасного производства)	кг	0
740	Рулька,голяшка свиная б/ш б/к охл (для колбасного производства)	кг	0
748	Свин.колб.жил.свин.с масс.долей жир.ткан.не бол.60% из свинины зам для колбасного производства.	кг	0
749	Свин.котл.жил.свин.с масс.долей жир.ткан.не бол.35% из свинины зам для колбасного производства.	кг	0
753	Свинина жирная жилованная охл. (для колбасного производства)	кг	0
751	Свинина нежирная жилованная охл. (для колбасного производства)	кг	0
754	Свинина односортная жилованная охл. (для колбасного производства)	кг	0
1446	Свинина односортная жилованная охл. (для колбасного производства) дав.	кг	0
1471	Свинина односортная жилованная охл. п/п А	кг	0
752	Свинина полужирная жилованная охл. (для колбасного производства)	кг	0
746	Соединительная ткань,хрящи  из свинины (для колбасного производства)	кг	0
779	Спинно-поясничная часть свиная охл. (для колбасного производства.)	кг	0
729	Спинно-поясничный отруб свиной охл. (для колбасного производства.)	кг	0
744	Спинной хребет свинины охл (для колбасного производства)	кг	0
732	Тазобедренная часть свиная охл. (для колбасного производства.)	кг	0
733	Тазобедренный отруб свиной охл. (для колбасного производства)	кг	0
747	Технические зачистки из свинины зам (для колбасного производства)	кг	0
730	Шейная часть свиная охл. (для колбасного производства.)	кг	0
731	Шейный отруб свиной охл. (для колбасного производства.)	кг	0
743	Шкурка свиная охл. (для колбасного производства)	кг	0
1447	Шкурка свиная охл. (для колбасного производства) дав	кг	0
739	Шпик боковой  б/ш охл (для колбасного производства)	кг	0
738	Шпик хребтовой б/ш охл (для колбасного производства)	кг	0
737	Шпик хребтовой в/ш охл (для колбасного производства)	кг	0
173	Блоки. Полуфабрикаты из свинины Зам.		0
174	Блок П/ф мясной нат. из свин . м/к м/к Набор для бульона свиной зам.	кг	180
175	Блок П/ф мясной нат. из свин. к/к б/к Вырезка свиная зам.	кг	180
910	Блок П/ф мясной нат. из свин. к/к б/к Вырезка свиная зам. ПП	кг	180
176	Блок П/ф мясной нат. из свин. к/к б/к Грудинка свиная зам.	кг	180
725	Блок П/ф мясной нат. из свин. к/к б/к Грудинка свиная зам. (колбасное производство)	кг	180
177	Блок П/ф мясной нат. из свин. к/к б/к Лопаточная часть зам.	кг	180
724	Блок П/ф мясной нат. из свин. к/к б/к Лопаточная часть зам. (колбасное производство)	кг	180
178	Блок П/ф мясной нат. из свин. к/к б/к П/ф для паляндвицы зам	кг	180
721	Блок П/ф мясной нат. из свин. к/к б/к П/ф для паляндвицы зам (колбасное производство)	кг	180
179	Блок П/ф мясной нат. из свин. к/к б/к Шейная часть зам.	кг	180
722	Блок П/ф мясной нат. из свин. к/к б/к Шейная часть зам. (колбасное производство)	кг	180
180	Блок П/ф мясной нат. из свин. к/к м/к Реберн.пласт. (50%) зам.	кг	180
181	Блок П/ф мясной нат. из свин. к/к м/к Реберные пласт. (80%) зам.	кг	180
182	Блок П/ф мясной нат. из свин. Котлетное мясо зам.	кг	180
183	Блок П/ф мясной нат. из свин. м/к м/к Рагу из свинины зам.	кг	180
184	Блок П/ф мясной нат. из свин.к/к б/к Тазобедренная часть зам	кг	180
723	Блок П/ф мясной нат. из свин.к/к б/к Тазобедренная часть зам (колбасное производство)	кг	180
1469	Блок П/ф мясной нат. из свин.к/к б/к Тазобедренная часть зам п/п А	кг	180
185	Блок П/ф мясной нат. из свин.к/к м/к Предплечье (рулька) зам	кг	180
186	Блок Продукт Свин из шпика мясной несол. Шпик хребтовой зам.	кг	180
1472	Блок Продукт Свин. из шпика мясной несол. Шпик боковой зам.	кг	180
187	Блок Продукт Свин. из шпика мясной несол. Шпик боковой зам.( Для колбасного производства)	кг	180
188	Блоки из жил.мяса зам. СВ.ЖИРН с мас.долей жир.ткани 50-85%	кг	180
1461	Блоки из жил.мяса зам. СВ.ЖИРН с мас.долей жир.ткани 50-85%  п/п А	кг	180
718	Блоки из жил.мяса зам. СВ.ЖИРН с мас.долей жир.ткани 50-85% (колбасное производсво)	кг	180
189	Блоки из жил.мяса зам. СВ.Н/ЖИРН с мас.долей жир.ткани 10%	кг	180
719	Блоки из жил.мяса зам. СВ.Н/ЖИРН с мас.долей жир.ткани 10% (колбасное производство)	кг	180
1463	Блоки из жил.мяса зам. СВ.Н/ЖИРН с мас.долей жир.ткани 10% п/п А	кг	180
190	Блоки из жил.мяса зам. СВ.П/ЖИРН с мас.дол. жир.ткани 30-50%	кг	180
1462	Блоки из жил.мяса зам. СВ.П/ЖИРН с мас.дол. жир.ткани 30-50%  п/п А	кг	180
717	Блоки из жил.мяса зам. СВ.П/ЖИРН с мас.дол. жир.ткани 30-50% (колбасное производство)	кг	180
191	Блоки из жил.мяса зам.СВ.ОДНОСОРТН. с мас.дол.жир.ткани 50%	кг	180
720	Блоки из жил.мяса зам.СВ.ОДНОСОРТН. с мас.дол.жир.ткани 50% (колбасное производство)	кг	180
1470	Блоки из жил.мяса зам.СВ.ОДНОСОРТН. с мас.дол.жир.ткани 50% п/п А	кг	180
1448	Блоки из мяса жилованный свиные односортные замороженные(промпереработка)	кг	180
192	Блоки из ОБРЕЗИ мясн.СВИН.жил.с мас.дол.жир.тк.30-50% зам.	кг	180
193	Блоки из СОЕДИН.ТКАНИ (в т.ч.грубой) от жил. СВИНИНЫ. зам	кг	180
843	Продукт  из шпика мясной несоленый " Шпик боковой", замороженный в блоках	кг	180
1565	Продукт  из шпика мясной несоленый " Шпик хребтовой", замороженный в блоках	кг	180
1449	Реберные пластины свинины (50%) М/К зам.(для колбасного производства)	кг	180
1442	Реберные пластины свиные (50%) М/К зам.(для колбасного производства)	кг	180
750	Шкурка свин. зам. (для колбасного производства)	кг	180
194	Отруба из свинины Охл.		0
195	Отруб из свинины Задняя четвертина. охл.	кг	12
1622	Отруб из свинины замороженный. Задняя четвертина	кг	180
1623	Отруб из свинины замороженный. Передняя четвертина	кг	180
196	Отруб из свинины Передняя четвертина. охл.	кг	12
197	Полуфабрикаты из свинины для кормления животных Зам.		0
198	П/ф для кормления животных "Дружок" зам.	кг	180
199	П/ф для кормления животных "Особый" зам.	кг	180
575	П/ф для кормления животных свин. зам.	кг	180
200	Полуфабрикаты из свинины Охл.		0
201	Вырезка свин. П/ф мясной нат. к/к б/к охл.	кг	2
202	Грудинка свин. П/ф мясной нат. к/к б/к охл.	кг	2
203	Грудинка свин. П/ф мясной нат. к/к М/К охл.	кг	2
204	Корейка свин. П/ф мясной нат. к/к М/К охл.	кг	2
205	Котлетное мясо свин. П/ф мясной нат. охл.	кг	2
206	Лопаточная часть свин. П/ф мясной нат. к/к б/к охл.	кг	2
1450	Мясо жилованное односортное  для консервного производства размороженное упакованное под вакуумом	кг	7
1451	Мясо жилованное свиное полужирное размороженное для промышленной переработки (вакуумный пакет)	кг	7
535	Мясо обваленное свиное. Вырезка свин. охл.	кг	2
207	Набор для бульона свиной П/ф мясной нат. м/к М/К охл.	кг	1
208	П/ф для паляндвицы свин. мясной нат. к/к б/к охл.	кг	2
209	П/ф свиной для нат.отбивных котлет. мясной нат. к/к б/к охл.	кг	2
210	П/ф свиной для тушения. П/ф мясной нат. к/к б/к охл.	кг	2
1653	Полуфабрикат мясной из свинины крупнокусковой бескостный "Грудинка бескостная". охлажденный, вакуум	кг	10
1652	Полуфабрикат мясной из свинины крупнокусковой бескостный "Шейная часть". охлажденный, вакуум	кг	10
1662	Полуфабрикат мясной из свинины мелкокусковой бескостный  "Котлетное мясо"охлажденный,  вакуум	кг	7
211	Рагу из свинины П/ф мясной нат. м/к М/К охл.	кг	1
212	Реберные пластины свин. (50%)  П/ф мясной нат. к/к М/К охл.	кг	2
213	Реберные пластины свин. (80%) П/ф мясной нат. к/к М/К охл.	кг	2
214	Рулька (предплечье) свин. П/ф мясной нат. к/к М/К охл.	кг	2
215	Свинина для запекания. П/ф мясной нат. к/к б/к охл.	кг	2
216	Тазобедренная часть свин. П/ф мясной нат. к/к б/к охл.	кг	2
217	Тазобедренная часть свин. П/ф мясной нат. к/к М/К охл.	кг	2
218	Шейная часть свин. П/ф мясной нат. к/к б/к охл.	кг	2
219	Шпик боковой Продукт мясной несолен. охл.	кг	3
220	Шпик хребтовой Продукт мясной несолен. охл.	кг	3
221	Полуфабрикаты из свинины рубленные		0
1608	Колб.сырая  "Свойская" зам.	кг	90
222	Колб.сырая "Для гриля "  зам.	кг	90
223	Колб.сырая "Для гриля " 1000г зам.	кг	90
224	Колб.сырая "Купаты дачные"  зам.	кг	90
225	Колб.сырая "Купаты дачные" 1000 г. охл.	кг	8
226	Колб.сырая "Купаты дачные" 1000г зам.	кг	90
227	Колб.сырая "Купаты дачные" охл.	кг	8
228	Колб.сырая "По-деревенски" 1000г. охл.	кг	8
229	Колб.сырая "По-деревенски" охл.	кг	8
1666	Колб.сырые  "ГАЛИЦКИЕ" зам.	кг	90
230	Колб.сырые "По-деревенски" 1000г зам.	кг	90
231	Колб.сырые "По-деревенски" зам.	кг	90
1611	Колб.сырые "Свойские" зам.	кг	90
1562	Полуфабрикат мясной мелкокусковой бескостный из свинины "Шашлык Вкусный"замороженный, 1500г	шт	183
1556	Полуфабрикат мясной мелкокусковой бескостный из свинины "Шашлык Домашний" 1500 грамм,  охлажденный	шт	7
1624	Полуфабрикат мясной мелкокусковой бескостный из свинины "Шашлык Домашний", охлажденный весовой	кг	6
1503	Полуфабрикат мясной мелкокусковой бескостный из свинины "Шашлык Домашний"замороженный, 1500г	шт	183
810	Полуфабрикат рубленый мясной. Фарш "Мясной" весовой  охл.	кг	6
892	Полуфабрикат рубленый мясной. Фарш "Мясной" весовой  охл. (новая карточка)	кг	6
1523	Полуфабрикат рубленый мясной. Фарш "Мясной" замороженный по 1000г.	кг	180
232	Фарш "Котлетный" 1000г зам.	кг	180
895	Фарш "Котлетный" 1000г зам.  (новый)	кг	184
233	Фарш "Котлетный" 1000г охл.	кг	10
234	Фарш "Котлетный" зам.	кг	180
893	Фарш "Котлетный" зам.  (новая)	кг	180
235	Фарш "Котлетный" охл.	кг	10
894	Фарш "Котлетный" охл. новый	кг	10
236	Фарш "Любительский" 1000 г охл.	кг	10
237	Фарш "Любительский" 1000г зам.	кг	90
238	Фарш "Любительский" зам.	кг	90
239	Фарш "Любительский" охл.	кг	10
240	Шашлык Аппетитный П/ф мясной м/к б/к 900г зам.	шт	30
241	Шашлык Аппетитный П/ф мясной м/к б/к 900г охл.	шт	9
641	Шашлык Для всей семьи П/ф мясной м/к б/к 1500 зам.	шт	90
242	Полуфабрикаты из свинины фасованные Зам.		0
243	Вырезка свин. П/ф мясной нат. к/к б/к зам.	кг	30
244	Грудинка свин. П/ф мясной нат. к/к б/к зам.	кг	30
245	Котлетное мясо свин. П/ф мясной нат. зам.	кг	30
246	Лопаточная часть свин. П/ф мясной нат. к/к б/к зам.	кг	30
247	Набор для бульона свиной П/ф мясной нат. м/к м/к зам.	кг	30
248	П/ф для паляндвицы свин. мясной нат. к/к б/к зам.	кг	30
249	П/ф свиной для нат.отбивных котлет. мясной нат. к/к б/к зам.	кг	30
250	П/ф свиной для тушения. П/ф мясной нат. к/к б/к зам.	кг	30
1549	Полуфабрикат мелкокусковой мсокостный мясной  из свинины "РЕБРЫШКИ ДЛЯ БАРБЕКЮ" замороженный	кг	183
1598	Полуфабрикат мелкокусковой мсокостный мясной  из свинины "РЕБРЫШКИ ДЛЯ БАРБЕКЮ" охлажденный	кг	6
1548	Полуфабрикат мелкокусковой мясокостный мясной из свинины "РЕБРЫШКИ ДЛЯ БАРБЕКЮ" охл (производство)	кг	6
1637	Полуфабрикат мясной из свинины крупнокусковой бескостный  "Грудинка бескостная" замороженный	кг	183
1632	Полуфабрикат мясной из свинины крупнокусковой бескостный  "Грудинка бескостная"охлажденный	кг	6
1635	Полуфабрикат мясной из свинины крупнокусковой бескостный  "Лопаточная часть" замороженный	кг	183
1630	Полуфабрикат мясной из свинины крупнокусковой бескостный  "Лопаточная часть"охлажденный	кг	6
1627	Полуфабрикат мясной из свинины крупнокусковой бескостный  "Полуфабрикат для паляндвицы "" заморож	кг	183
1634	Полуфабрикат мясной из свинины крупнокусковой бескостный  "Полуфабрикат для паляндвицы"охлажденный	кг	6
1636	Полуфабрикат мясной из свинины крупнокусковой бескостный  "Тазобедренная часть" замороженный	кг	183
1631	Полуфабрикат мясной из свинины крупнокусковой бескостный  "Тазобедренная часть"охлажденный	кг	6
1628	Полуфабрикат мясной из свинины крупнокусковой бескостный  "Шейная часть " заморож	кг	183
1629	Полуфабрикат мясной из свинины крупнокусковой бескостный  "Шейная часть"охлажденный	кг	6
1633	Полуфабрикат мясной из свинины мелкокусковой бескостный  "Котлетное мясо"охлажденный	кг	6
808	Полуфабрикат мясной крупнокусковой бескостный из свинины "БУЖЕНИНА ДЛЯ ЗАПЕКАНИЯ" замороженный	кг	184
815	Полуфабрикат мясной крупнокусковой бескостный из свинины "БУЖЕНИНА ДЛЯ ЗАПЕКАНИЯ" охл производство)	кг	183
1625	Полуфабрикат мясной крупнокусковой бескостный из свинины "БУЖЕНИНА ДЛЯ ЗАПЕКАНИЯ" охлажденный весово	кг	6
1558	Полуфабрикат мясной крупнокусковой бескостный из свинины "Вырезка Нежная" замороженный	кг	180
1559	Полуфабрикат мясной крупнокусковой бескостный из свинины "Вырезка Нежная" охл (производство)	кг	6
1557	Полуфабрикат мясной крупнокусковой бескостный из свинины "Вырезка Нежная"охлажденный	кг	7
1660	Полуфабрикат мясной крупнокусковой бескостный из свинины "Вырезка свиная" охл (производство)	кг	6
1659	Полуфабрикат мясной крупнокусковой бескостный из свинины "Грудинка  бескостная" охл (производство)	кг	6
1551	Полуфабрикат мясной крупнокусковой бескостный из свинины "Грудинка  Нежная" замороженный	кг	180
1550	Полуфабрикат мясной крупнокусковой бескостный из свинины "Грудинка  Нежная" охл (производство)	кг	6
1589	Полуфабрикат мясной крупнокусковой бескостный из свинины "Грудинка  Нежная" охл газ	кг	7
1640	Полуфабрикат мясной крупнокусковой бескостный из свинины "Корейка Нежный" охл (производство)	кг	6
1473	Полуфабрикат мясной крупнокусковой бескостный из свинины "Лопаточная част Нежная" охл (производство)	кг	6
1644	Полуфабрикат мясной крупнокусковой бескостный из свинины "Лопаточная часть " замороженный	кг	183
1474	Полуфабрикат мясной крупнокусковой бескостный из свинины "Лопаточная часть Нежная" замороженный	кг	183
1594	Полуфабрикат мясной крупнокусковой бескостный из свинины "Лопаточная часть Нежная" охл газ	кг	7
1475	Полуфабрикат мясной крупнокусковой бескостный из свинины "Лопаточная часть Нежная"охлажденный	кг	6
1643	Полуфабрикат мясной крупнокусковой бескостный из свинины "Лопаточная часть" охл (производство)	кг	6
1658	Полуфабрикат мясной крупнокусковой бескостный из свинины "Полуфабрикат для палян" охл (производство)	кг	6
1476	Полуфабрикат мясной крупнокусковой бескостный из свинины "Тазобедрен част Нежная" охл (производство)	кг	6
1645	Полуфабрикат мясной крупнокусковой бескостный из свинины "Тазобедрен чась" охл (производство)	кг	6
1605	Полуфабрикат мясной крупнокусковой бескостный из свинины "Тазобедренная часть Нежная" ЗАМ (1,5  Б/Ш)	кг	183
1604	Полуфабрикат мясной крупнокусковой бескостный из свинины "Тазобедренная часть Нежная" ЗАМ (1,5  В/Ш)	кг	183
1603	Полуфабрикат мясной крупнокусковой бескостный из свинины "Тазобедренная часть Нежная" ЗАМ по 10 кг	кг	183
1477	Полуфабрикат мясной крупнокусковой бескостный из свинины "Тазобедренная часть Нежная" замороженный	кг	183
1590	Полуфабрикат мясной крупнокусковой бескостный из свинины "Тазобедренная часть Нежная" охл газ	кг	7
1478	Полуфабрикат мясной крупнокусковой бескостный из свинины "Тазобедренная часть Нежная"охлажденный	кг	6
1646	Полуфабрикат мясной крупнокусковой бескостный из свинины "Тазобедренная часть" замороженный	кг	183
823	Полуфабрикат мясной крупнокусковой бескостный из свинины "Филей Нежный" замороженный	кг	183
822	Полуфабрикат мясной крупнокусковой бескостный из свинины "Филей Нежный" охл (производство)	кг	6
1591	Полуфабрикат мясной крупнокусковой бескостный из свинины "Филей Нежный" охл газ	кг	7
836	Полуфабрикат мясной крупнокусковой бескостный из свинины "Филей Нежный"охлажденный	кг	6
1638	Полуфабрикат мясной крупнокусковой бескостный из свинины "Шейная часть " охл (производство)	кг	180
820	Полуфабрикат мясной крупнокусковой бескостный из свинины "Шейная часть Нежная" замороженный	кг	183
821	Полуфабрикат мясной крупнокусковой бескостный из свинины "Шейная часть Нежная" охл (производство)	кг	180
1593	Полуфабрикат мясной крупнокусковой бескостный из свинины "Шейная часть Нежная" охл газ	кг	7
839	Полуфабрикат мясной крупнокусковой бескостный из свинины "Шейная часть Нежная" охлажденный	кг	6
824	Полуфабрикат мясной крупнокусковой бескостный из свинины "ШЕЯ ДЛЯ ЗАПЕКАНИЯ" замороженный	кг	183
825	Полуфабрикат мясной крупнокусковой бескостный из свинины "ШЕЯ ДЛЯ ЗАПЕКАНИЯ" охл. (производство)	кг	180
1618	Полуфабрикат мясной крупнокусковой мясокостный из свинины "Грудинка на косточке Нежная" замороженный	кг	180
1639	Полуфабрикат мясной крупнокусковой мясокостный из свинины "Корейка Нежная" замороженный	кг	180
813	Полуфабрикат мясной крупнокусковой мясокостный из свинины "Рулька По-Канадски" замороженный	кг	180
817	Полуфабрикат мясной крупнокусковой мясокостный из свинины "Рулька По-Канадски" охл.(Производство)	кг	180
1592	Полуфабрикат мясной кусковой бескостный из свинины "Котлетное мясо Нежное" охл газ	кг	7
828	Полуфабрикат мясной кусковой бескостный из свинины "Котлетное мясо Нежное"" замороженный	кг	183
1479	Полуфабрикат мясной кусковой бескостный из свинины "Котлетное мясо Нежное"" охл	кг	6
829	Полуфабрикат мясной кусковой бескостный из свинины "Котлетное мясо Нежное"" охл.(производство)	кг	6
1647	Полуфабрикат мясной кусковой бескостный из свинины "Котлетное мясо"" охл.(производство)	кг	6
1626	Полуфабрикат мясной мелкокусковой бескостный из свинины "Котлетное мясо "" замороженный	кг	183
809	Полуфабрикат мясной мелкокусковой бескостный из свинины "Шашлык Вкусный" 1500гр замороженный	шт	183
1641	Полуфабрикат мясной мелкокусковой бескостный из свинины "Шашлык Вкусный" 1500гр охлажденный	шт	7
816	Полуфабрикат мясной мелкокусковой бескостный из свинины "Шашлык Вкусный" охл. (производство)	шт	180
826	Полуфабрикат мясной мелкокусковой бескостный из свинины "Шашлык Классический" 1500гр замороженный	шт	180
827	Полуфабрикат мясной мелкокусковой бескостный из свинины "Шашлык Классический" охл.(производство)	шт	180
812	Полуфабрикат мясной мелкокусковой мясокостный  из свинины "Рагу Нежное" замороженный	кг	183
1480	Полуфабрикат мясной мелкокусковой мясокостный  из свинины "Рагу Нежное" охлажденное	кг	6
1513	Полуфабрикат мясной мелкокусковой мясокостный  из свинины "РЕБРЫШКИ ДЛЯ ГРИЛЯ" зам, фасовка по 1 кг	шт	180
251	Рагу из свинины П/ф мясной нат. м/к м/к. зам.	кг	30
819	Рагу Нежное  из свинины П/ф мясной. м/к м/к. охл. (производство)	кг	180
252	Реберные пластины свин (50%). П/ф мясной нат. к/к м/к зам.	кг	30
253	Реберные пластины свин (80%). П/ф мясной нат. к/к м/к зам.	кг	30
1515	Ребрышки для гриля(производство)	шт	180
254	Рулька (предплечье) свин. П/ф мясной нат. к/к м/к зам.	кг	30
255	Свинина для запекания. П/ф мясной нат. к/к б/к зам.	кг	30
256	Тазобедренная часть свин. П/ф мясной нат. к/к б/к зам.	кг	30
257	Шейная часть свин. П/ф мясной нат. к/к б/к зам.	кг	30
589	Производство колбасные изделия и копчености		0
1567	"Сало Крестьянское" (производство)	кг	60
1667	"Столичное угощение" продукт из свинины мясной сырокопченый(производство)	кг	20
715	Ароматная колбаса с/в в/с охл. (производство)	кг	120
590	Барбадос сервелат в/к в/с (производство)	кг	25
617	Бекон Сытный Продукт из свин. с/к мясной охл. (производство)	кг	35
618	Божоле Мраморное Продукт из свин. мясной с/к охл. (производство)	кг	40
700	Ветчина Белорусская продукт к/в охл. (производство)	кг	40
1497	Вырезка ароматная (производство)	кг	40
619	Вырезка Традиционная Продукт из свин. с/к охл. (производство)	кг	25
1504	Галаретка Старажытная (производство)	кг	30
603	Графская колбаса с/к в/с охл. (производство)	кг	60
607	Грудинка по-домашнему продукт к/в охл. (производство)	кг	50
591	Деревенские колбаски в/к 2с охл. (производство)	кг	25
1616	Дядулин прысмак продукт с/к охл. (производство)	кг	0
1599	Закуска Вясковая продукт к/в охл.(производство)	кг	20
689	Закуска к пиву Баварская продукт к/в охл.(производство)	кг	20
698	Закуска Сытная к/в охл. (производство)	кг	40
691	Закуска Сытная продукт к/в охл. (производство)	кг	50
1499	Кабаносы Итальяно (производство)	кг	40
1501	Кабаносы Огонь (производство)	кг	60
598	Кабаносы с/в в/с (производство)	кг	60
1547	Кабаносы Трюфельные (производство)	кг	60
714	Клімаўскі  прысмак, охл в/у (производство)	кг	120
608	Ковалочек Деревенский продукт к/в охл. (производство)	кг	50
624	Колб.сырая "Для гриля "  (производство)	кг	90
625	Колб.сырая "Купаты дачные" (производство)	кг	90
626	Колб.сырая "По-деревенски" (производство)	кг	8
1610	Колб.сырая "Свойская" (производство)	кг	8
1665	Колб.сырые ГАЛИЦКИЕ (производство)	кг	0
711	Колбаса "Банкетная", охл в/у (производство)	кг	120
1601	Колбаса Вясковая с/в в/с (производство)	кг	120
1507	Колбаса Домашняя с/в в/с (производство)	кг	120
706	Коппа Полесская Продукт из свин. мясной с/к охл. (производство)	кг	40
599	Королевская колбаса с/в в/с охл. (производство)	кг	60
592	Кремлевский  сервелат в/к в/с охл. (производство)	кг	30
1554	Кремлевский сервелат в/к в/с (производство)	кг	25
1529	Крестьянская в/к в/с (производство)	кг	25
699	Мяско Генеральское продукт из свин. с/к охл. (производство)	кг	4
1613	Ореховый сюрприз в/к в/с (производство)	кг	0
604	От Бабушки колбаса с/к в/с охл. (производство)	кг	70
676	П/ф для кормления животных "Дружок" (производство)	кг	180
1483	Панская колбаса в/к в/с охл. (производство)	кг	120
615	Полендвица Традиционная Продукт из свин. с/в охл. (производство)	кг	25
620	Полендвица Традиционная Продукт из свин. с/к охл. (производство)	кг	25
609	Поросенок домашний продукт к/в охл.(производство)	кг	50
703	Престиж колбаса с/в в/с охл. (производство)	кг	0
622	Продукт из шпика м/с "Грудинка свинная Домашняя" (производство)	кг	60
623	Продукт из шпика м/с "Шпик Крестьянский" (производство)	кг	60
638	Продукт из шпика мяс. в оболочке сол. "Шпик с чесночком" (производство)	кг	60
678	Продукт из шпика мяс. в оболочке сол. "Шпик Смачный" (производство)	кг	30
713	Продукт из шпика соленый мясной "Сало Домашнее" (производство)	кг	60
695	Прысмак Вясковы продукт к/в охл. (производство)	кг	40
610	Ребра Любительские продукт к/в мясной охл.(производство)	кг	20
593	Рижские Колбаски в/к в/с охл.(производство)	кг	25
594	Рублевский Люкс сервелат в/к в/с охл.(производство)	кг	30
696	Рулет Деревенский продукт к/в охл. (производство)	кг	40
1494	Рулет Могилевский продукт к/в охл.	кг	40
1492	Рулет Могилевский продукт к/в охл. (производство)	кг	40
611	Рулет Полесский продукт к/в мясной охл. (производство)	кг	20
1519	Сальце на хлебушек (производство)	кг	60
697	Свинина по-домашнему к/в охл. (производство)	кг	40
648	Сервелат Зернистый в/к в/с (производство)	кг	25
600	Славянские традиции колбаса с/в в/с охл. (производство)	кг	60
596	Сливочные гранд Сосиски вареные в/с охл. (производство)	кг	30
597	Советские сосиски вареные в/с охл. (производство)	кг	45
601	Тёщина колбаса с/в в/с охл. (производство)	кг	60
605	Тёщина колбаса с/к в/с охл. (производство)	кг	60
627	Фарш "Котлетный" (производство)	кг	10
896	Фарш "Котлетный" (производство) новая карточка	кг	10
628	Фарш "Любительский" (производство)	кг	10
814	Фарш "Мясной" (производство)	кг	10
891	Фарш "Мясной" новый  (производство)	кг	10
606	Фелино Италия колбаса с/к в/с охл. (производство)	кг	70
649	Филе Велес к/в охл. (производство)	кг	40
612	Филей Белоруский продукт к/в охл.(производство)	кг	50
613	Филей Боярский продукт к/в охл.(производство)	кг	50
616	Филей Праздничный Продукт из свин. с/в охл. (производство)	кг	25
621	Филей Праздничный Продукт из свин. с/к охл. (производство)	кг	25
1530	Хлебец Сувенирный в/к в/у (производство)	кг	30
602	Царское угощение колбаса с/в в/с охл. (производство)	кг	60
629	Шашлык Аппетитный П/ф мясной м/к б/к (производство)	шт	9
1561	Шашлык Вкусный (производство)	кг	180
639	Шашлык Для всей семьи П/ф мясной м/к б/к (производство)	кг	90
1505	Шашлык Домашний (производство)	кг	180
614	Щековина Смачная продукт к/в охл. (производство)	кг	50
260	Прочее (кровь, жир)		0
261	Кровь свиная	кг	0
262	Кровь свиная замороженная	кг	0
263	Свинина на кости		0
542	Отруба из свинины		0
543	Отруб из свин. охл. Задняя голяшка на кости	кг	12
573	Отруб из свин. охл. Задняя четвертина	кг	0
544	Отруб из свин. охл. Передняя голяшка на кости	кг	12
572	Отруб из свин. охл. Передняя четвертина	кг	0
545	Отруб из свин. охл. Плечелопаточный без голяшки на кости	кг	12
546	Отруб из свин. охл. Спинно-поясничный на кости	кг	12
547	Отруб из свин. охл. Тазобедренный на кости без голяшки	кг	12
264	Свинина в п/т  Зам.		0
265	Подсвинки 2 кат. в/шкуре в п/т с/в б/н зам.	кг	180
266	Подсвинки тощие в/шкуре в п/т с/в б/н зам.	кг	180
548	Свинина 1 кат. в/шкуре в п/т б/в б/н зам.	кг	90
267	Свинина 2 кат. в/шкуре в п/т б/в б/н зам.	кг	180
268	Свинина 3 кат. в/шкуре в п/т б/в б/н зам.	кг	90
269	Свинина 5 кат. в/шкуре в п/т с/в с/н зам.	кг	90
270	Свинина в п/т  Охл.		0
897	Мясо свинина беконная датской селекции 2 кат охлажденная в шкуре	кг	0
282	Мясо свинины бдс 1 кат. в/ш в п/т б/в б/н охл.	кг	12
283	Мясо свинины бдс 2 кат.  в/ш в п/т б/в б/н охл.	кг	12
899	Мясо свинины бдс 2 кат.  в/ш в п/т б/в б/н охл. для пп	кг	12
284	Мясо свинины бдс 3 кат.  в/ш в п/т б/в б/н охл.	кг	12
805	Мясо свинины бдс 4 кат.  б/ш в п/т б/в б/н охл.	кг	12
1444	Мясо свинины бдс 4 кат.  б/ш в п/т б/в б/н охл. для промышленной переработки	кг	12
513	Подсвинки  д/с  2 кат. охл. в/ш в п/т на кости б/н охл.	кг	12
271	Подсвинки 2 кат. в/шкуре в п/т б/в б/н охл.	кг	12
272	Подсвинки тощие в/шкуре в п/т б/в б/н охл.	кг	12
512	Поросята тощие  в/ш охл.	кг	12
1526	Поросята тощие в/шк. в полутушах без ног замороженные	кг	180
273	Свинина 1 кат. в/шкуре в п/т б/в б/н охл.	кг	12
911	Свинина 2 кат. в шкуре  охл.	кг	12
274	Свинина 2 кат. в/шкуре в п/т б/в б/н охл.	кг	12
675	Свинина 2 кат. в/шкуре в п/т б/в б/н охл. для П/П	кг	12
275	Свинина 3 кат. без/шкуры в п/т б/в б/н охл.	кг	12
276	Свинина 3 кат. в/шкуре в п/т б/в б/н охл.	кг	12
277	Свинина 4 кат. без/шкуры в п/т б/в б/н охл.	кг	12
278	Свинина 4 кат. в/шкуре в п/т б/в б/н охл.	кг	12
279	Свинина 5 кат. в/шкуре в тушах с/в с/н охл.	кг	12
280	Свинина 6 кат. без/шкуры в п/т с/в б/н охл.	кг	12
281	Свинина 6 кат. в/шкуре в п/т с/в б/н охл.	кг	12
855	Свинина в п/т в шкуре с вырезкой 4 категории охлажденная	кг	0
285	Свинина тощая без/шкуры в п/т б/в б/н охл.	кг	12
286	Свинина тощая в/шкуре в п/т б/в б/н охл.	кг	12
287	Свинина в п/т парное		0
1441	Мясо свинина беконная датской селекции 2 кат охлажденная в шкуре (промпереработка)(подсвинки)	кг	0
299	Мясо свинины бдс 1 кат. в/ш в п/т б/в б/н	кг	0
300	Мясо свинины бдс 2 кат. в/ш в п/т б/в б/н	кг	0
1440	Мясо свинины бдс 2 кат. в/ш в п/т б/в б/н (промпереработка)(подсвинки)	кг	0
900	Мясо свинины бдс 2 кат. в/ш в п/т б/в б/н для пром.переработки	кг	0
301	Мясо свинины бдс 3 кат. в/ш в п/т б/в б/н	кг	0
1427	Мясо свинины бдс 3 кат. в/ш в п/т б/в б/н для п/п	кг	0
804	Мясо свинины бдс 4 кат. б/ш в п/т  б/н	кг	0
1443	Мясо свинины бдс 4 кат. б/ш в п/т  б/н для промышленной переработки	кг	0
288	Подсвинки 2 кат. в/шкуре в п/т б/в б/н	кг	0
289	Подсвинки тощие в/шкуре в п/т	кг	0
290	Свинина 1 кат. в/шкуре в п/т б/в б/н	кг	0
291	Свинина 2 кат. в/шкуре в п/т б/в б/н	кг	0
674	Свинина 2 кат. в/шкуре в п/т б/в б/н для П/П	кг	0
292	Свинина 3 кат. без/шкуры в п/т б/в б/н	кг	0
293	Свинина 3 кат. в/шкуре в п/т б/в б/н	кг	0
294	Свинина 4 кат. без/шкуры в п/т  б/н	кг	0
295	Свинина 4 кат. в/шкуре в п/т	кг	0
296	Свинина 5 кат. в/шкуре в п/т с/в с/н	кг	0
297	Свинина 6 кат. без/шкуры в п/т с/в б/н	кг	0
298	Свинина 6 кат. в/шкуре в п/т с/в б/н	кг	0
302	Свинина тощая без/шкуры в п/т б/в б/н	кг	0
303	Свинина тощая в/шкуре в п/т б/в б/н	кг	0
1600	Сырье кожевенное	кг	0
840	Хрячки	кг	0
304	Субпродукты говяжьи		0
305	Субпродукты говяжьи		0
306	Диафрагма гов.	кг	0
1534	Диафрагма гов. для П/П	кг	0
307	Жир-сырец  1 группы гов.	кг	0
308	Калтыки гов.	кг	0
1535	Калтыки гов. для П/П	кг	0
1486	Книжка гов. непищевые охл.	кг	90
1484	Книжка говяжья необработанная	кг	90
309	Легкое гов.	кг	0
1426	Легкое гов. для П/П	кг	0
310	Мясная обрезь гов.	кг	0
1536	Мясная обрезь гов. для П/П	кг	0
311	Мясо голов гов.	кг	0
312	Мясо пищевода гов.	кг	0
313	Печень гов.	кг	0
1420	Печень гов. для П/П	кг	0
314	Почки гов.	кг	0
1421	Почки гов. для П/П	кг	0
315	Рубцы с сетками гов.	кг	0
316	Селезенка гов.	кг	0
1422	Селезенка гов. для П/П	кг	0
317	Семенники гов.	кг	0
318	Сердце гов.	кг	0
1423	Сердце гов. для П/П	кг	0
1487	Синюга говяжья средняя	кг	0
1488	Синюга говяжья средняя соленая охл	кг	240
319	Трахеи гов.	кг	0
1537	Трахеи гов. для П/П	кг	0
1424	Хвост гов. для П/П	кг	0
320	Хвосты  гов.	кг	180
321	Язык гов.	кг	0
1425	Язык гов. для п/п	кг	180
842	Субпродукты говяжьи Жил. Охл.		0
322	Субпродукты говяжьи Зам.		0
324	Блоки из жира-сырца говяжьего от разделки мяса на кости замороженные. Первая группа.Для промышленной	кг	180
323	Диафрагма гов. зам.	кг	183
1437	Замороженный блок из  ГОВЯЖЬЕГО СЕРДЦА для промышленной переработки	кг	180
1436	Замороженный блок из ГОВЯЖЬЕГО ЯЗЫКА для промышленной переработки	кг	180
1435	Замороженный блок из ХВОСТОВ ГОВЯЖЬИХ для промышленной переработки	кг	180
325	Калтыки гов. зам.	кг	180
326	Легкие гов. зам.	кг	180
327	Мясная обрезь гов. зам.	кг	180
328	Мясо голов гов. зам.	кг	180
329	Мясо пищевода гов. зам.	кг	180
330	Печень гов. зам.	кг	180
331	Почки гов. зам.	кг	180
332	Рубцы с сетками гов. зам.	кг	180
333	Селезенка гов. зам.	кг	180
334	Семенники гов. зам.	кг	180
335	Сердце гов. зам.	кг	180
336	Трахеи гов. зам.	кг	180
337	Хвост гов.зам	кг	183
338	Язык гов. зам.	кг	183
339	Субпродукты говяжьи Охл.		0
1539	Диафрагма гов охл для п/п	кг	2
340	Диафрагма гов. охл.	кг	2
341	Жир-сырец  1 группы гов. охл.	кг	4
1540	Калтыки гов охл для п/п	кг	2
342	Калтыки гов. охл.	кг	2
1485	Книжка гов. соленая непищевая охл.	кг	90
1428	Легкие говяжьи охлажденные для промышленной переработки	кг	2
1621	Легкое гов. зам.	кг	2
343	Легкое гов. охл.	кг	2
1541	Мясная обрезь гов охл для п/п	кг	2
344	Мясная обрезь гов. охл.	кг	2
345	Мясо голов гов. охл.	кг	2
346	Мясо пищевода гов. охл.	кг	2
1429	Печень гов охл для п/п	кг	2
347	Печень гов. охл.	кг	2
1430	Почки гов охл для п/п	кг	2
348	Почки гов. охл.	кг	2
349	Рубцы с сетками гов. охл.	кг	2
1431	Селезенка гов охл для п/п	кг	2
350	Селезенка гов. охл.	кг	2
351	Семенники гов. охл.	кг	2
1432	Сердце гов охл для п/п	кг	2
352	Сердце гов.охл	кг	2
1542	Трахеи гов охл для п/п	кг	2
353	Трахеи гов. охл.	кг	2
354	Хвосты  гов.охл	кг	2
1433	Хвосты гов охл. для п/п	кг	2
355	Язык гов охл.	кг	2
1434	Языки гов. охл для п/п	кг	2
356	Субпродукты говяжьи фасованные Зам.		0
357	Субпродукты свиные		0
358	Субпродукты свиные		0
359	Головы свин. с мозгами, ушами, щековиной	кг	0
765	Головы свин. с мозгами, ушами, щековиной для п/п	кг	0
360	Диафрагма свин.	кг	0
764	Диафрагма свин. для п/п	кг	0
361	Желудок свин.	кг	0
362	Жир-сырец св. (сальник ) 1гр.	кг	0
766	Жир-сырец св. (сальник ) 1гр. для п/п	кг	0
363	Калтыки свин.	кг	0
767	Калтыки свин. для п/п	кг	0
576	Легкие свин.	кг	0
768	Легкие свин. для п/п	кг	0
508	Мясная обрезь свин.	кг	0
365	Ноги свин.	кг	0
769	Ноги свин. для п/п	кг	0
520	Ноги свин. задние	кг	0
366	Печень свин.	кг	0
770	Печень свин. для п/п	кг	0
367	Почки свин.	кг	0
771	Почки свин. для п/п	кг	0
368	Селезенка свин.	кг	0
772	Селезенка свин. для п/п	кг	0
369	Сердце свин.	кг	0
773	Сердце свин. для п/п	кг	0
370	Уши свин.	кг	0
371	Хвосты свин.	кг	0
774	Хвосты свин. для п/п	кг	0
375	Язык свин	кг	0
775	Язык свин. для п/п	кг	0
550	Субпродукты свиные жилованный		0
553	Диафрагма свин. охл. жил.	кг	2
554	Желудок свин. охл. жил.	кг	2
555	Жир-сырец св. (сальник ) 1гр. охл. жил.	кг	4
556	Калтыки свин. охл. жил.	кг	2
557	Мясная обрезь свин охл. жил.	кг	2
558	Мясо голов свиное охл. обр.	кг	2
560	Ноги свин. охл. жил.	кг	2
561	Печень свин. охл. жил.	кг	2
564	Почки свин. охл. обр. жил.	кг	2
562	Селезенка свин. охл. жил.	кг	2
563	Сердце свин. охл. жил.	кг	2
833	Субпродукт обр. свиной  язык охл.	кг	2
565	Хвосты свин. охл. жил.	кг	2
569	Щековина без шкуры охл. обр.	кг	2
567	Щековина в шкуре охл. обр.	кг	2
568	Язык свин. охл. жил.	кг	2
376	Субпродукты свиные Зам.		0
377	Головы свин. зам.	кг	180
378	Диафрагма свин. зам.	кг	180
379	Желудок свин. зам.	кг	180
380	Жир-сырец св. (сальник ) 1гр. зам.	кг	180
419	Зам. Блок из свиной щековины без шкуры зам.	кг	180
640	Зам. Блок из свиной щековины в шкуре зам.	кг	180
1438	Замороженный блок из СВИНОГО ЯЗЫКА для промышленной переработки	кг	180
381	Калтыки свин. зам.	кг	180
587	Легкие свин. зам.	кг	180
588	Мясная обрезь свин. зам.	кг	180
382	Мясо голов свиное зам.	кг	180
763	Мясо голов свиное со шкуркой зам.	кг	180
383	Ноги свин. зам.	кг	184
384	Печень свиная замороженная	кг	184
385	Почки свин. зам.	кг	183
386	Селезенка свин. зам.	кг	180
387	Сердце свин. зам.	кг	183
388	Уши свин. зам.	кг	184
1439	Уши свин. зам. для П/П	кг	180
389	Хвосты свин. зам.	кг	184
390	Шкурка свин. зам.	кг	180
391	Щековина без шкуры зам.	кг	180
392	Щековина в шкуре зам.	кг	180
393	Язык свин. зам.	кг	184
394	Субпродукты свиные Охл.		0
521	Головы свин. охл.	кг	2
1614	Головы свин. с мозгами, ушами б/щ	кг	2
1607	Головы свин. с мозгами, ушами б/щ охл.	кг	2
395	Головы свин. с мозгами, ушами и щековиной охл.	кг	2
784	Головы свин. с мозгами, ушами и щековиной охл. для П/П	кг	2
852	Диафрагма свин. зам. .для П/П	кг	180
1465	Диафрагма свин. зам. .для п/п А	кг	180
785	Диафрагма свин. охл .для П/П	кг	2
396	Диафрагма свин. охл.	кг	2
397	Желудок свин. охл.	кг	2
901	Желудок свин. охл. пп	кг	2
905	Желудок свин. пп	кг	2
398	Жир-сырец св. (сальник ) 1гр. охл.	кг	4
796	Жир-сырец св. (сальник ) 1гр. охл. для П/П	кг	4
907	Калтыки свин. для п/п	кг	2
399	Калтыки свин. охл.	кг	2
786	Калтыки свин. охл. для П/П	кг	2
579	Легкие свин. охл.	кг	2
787	Легкие свин. охл. для П/П	кг	2
909	Мясная обрезь свин зам. п/п	кг	2
531	Мясная обрезь свин охл.	кг	2
902	Мясная обрезь свин охл. п/п	кг	2
908	Мясная обрезь свин. п/п	кг	2
400	Мясо голов свиное охл.	кг	2
1452	Мясо голов свиное охл. для П/П	кг	2
519	Ноги свин. задние охл.	кг	2
401	Ноги свин. охл.	кг	2
788	Ноги свин. охл. для П/П	кг	2
848	Печень свин. зам. для П/П	кг	180
789	Печень свин. охл. для П/П	кг	2
402	Печень свин.охл	кг	2
849	Почки свин. зам. для П/П	кг	180
403	Почки свин. охл.	кг	2
790	Почки свин. охл. для П/П	кг	2
404	Селезенка свин. охл.	кг	2
791	Селезенка свин. охл. для П/П	кг	2
847	Сердце свин. зам. для П/П	кг	180
405	Сердце свин. охл.	кг	2
792	Сердце свин. охл. для П/П	кг	2
406	Уши свин. охл.	кг	2
850	Хвосты свин. зам. для П/П	кг	180
407	Хвосты свин. охл.	кг	2
793	Хвосты свин. охл. для П/П	кг	180
853	Хвосты свин. охл. для П/П	кг	2
408	Шкурка свин. охл.	кг	2
1460	Шкурка свин. охл. п/п А	кг	2
409	Щековина без шкуры охл.	кг	2
410	Щековина в шкуре охл.	кг	2
851	Язык свин. зам. п/п	кг	180
795	Язык свин. охл. для П/П	кг	2
411	Язык свиной охл.	кг	2
412	Субпродукты свиные фасованные Зам.		0
413	Калтыки свин. 1000г зам.	кг	180
414	Печень свин. 1000г зам.	кг	180
415	Почки свин. 1000г зам.	кг	180
416	Селезенка свин. 1000г зам.	кг	180
417	Сердце свин. 1000г зам.	кг	180
418	Язык свин. 1000г зам.	кг	180
420	Эндокринно-ферментное сырье		0
421	ЭФС		0
422	Аорта крупного рогатого скота	кг	0
423	Желчь крупного рогатого скота	кг	0
424	Лопаточный хрящ крупного рогатого скота	кг	0
433	Оболочка слизистая тонких кишок свиней коагулированная	кг	0
425	Оболочка слизистая трахеи крупного рогатого скота	кг	0
426	Пенисы крупного рогатого скота	кг	0
427	Становая жила крупного рогатого скота	кг	0
428	Трахея крупного рогатого скота	кг	0
429	ЭФС замороженное		0
430	Аорта крупного рогатого скота замороженная	кг	0
431	Желчь крупного рогатого скота замороженная	кг	0
432	Лопаточный хрящ крупного рогатого скота замороженная	кг	0
434	Оболочка слизистая тонких кишок свиней коагулированная замороженная	кг	0
435	Оболочка слизистая трахеи крупного рогатого скота замороженная	кг	0
436	Пенисы крупного рогатого скота замороженная	кг	0
437	Становая жила крупного рогатого скота замороженная	кг	0
438	Трахея крупного рогатого скота замороженная	кг	0
856	Товары для отгрузки		0
1509	Бекон Классический Продукт из свин. с/к мясной охл. В/У (порцион.)	кг	60
1516	Бекон Классический Продукт из свин. с/к мясной охл. В/У (производство)	кг	30
100	Бекон Сытный Продукт из свин. с/к мясной охл. В/У (порцион.)	кг	30
647	Варено-копченое колбасное изделие салями мясное. Колбаса "Сервелат Зернистый" высшего сорта охлажден	кг	30
1552	Варено-копченое колбасное изделие салями мясное. Колбаса "Сервелат Кремлевский" высшего сорта, охл	кг	30
57	Деревенские колбаски в/к 2с охл. ГАЗ	кг	25
1642	Дядулин прысмак продукт из свин. с/к охл. В/У 0.100гр	шт	50
679	Закуска к пиву Баварская к/в мясной охл.	кг	20
1564	Изделие колбасное варено-копченое мясное КОЛБАСА "ОРИГИНАЛЬНАЯ" в/с охл., вак	кг	30
811	Изделие колбасное варено-копченое мясное КОЛБАСА "ОРИГИНАЛЬНАЯ" в/с охл., газ	кг	30
1502	Изделие колбасное варено-копченое мясное. Колбаса "Галаретка Старыжытная" высшего сорта, упаковано п	кг	30
1482	Изделие колбасное варено-копченое мясное. Колбаса "Панская" высшего сорта, упаковано под вакуумом.	кг	30
1521	Изделие колбасное варено-копченое мясное. Колбаса "Хлебец сувенирный" в/с вакуум	кг	30
1522	Изделие колбасное варено-копченое мясное. Колбаска "Крестьянская" в/с вакуум	кг	30
1615	Изделие колбасное варёно-копченое мясное. Колбаса "Ореховый сюрприз" высшего сорта, охлажденное, уп	кг	30
845	Изделие колбасное варёно-копченое мясное. Колбаса "Сервелат Барбадос" высшего сорта, охлажденное, уп	кг	30
683	Мяско Генеральское продукт из свин. с/к охл. В/У	кг	40
1510	Мяско Генеральское продукт из свин. с/к охл. В/У 0.200гр	шт	40
686	Продукт из мяса свинины копчено-вареный "Свинина по-домашнему", охлажденный, упаковано под вакуумом	кг	40
684	Продукт из мяса свинины мясной  копчено-вареный "Деликатес Минский", упаковано под вакуумом	кг	40
685	Продукт из мяса свинины мясной копчено-вареный "Ветчина белорусская", охлажденный, упаковано под вак	кг	40
1595	Продукт из мяса свинины мясной копчёно-варёный "Закуска Вясковая", упаковано под вакуумом	кг	40
680	Продукт из мяса свинины мясной копчёно-варёный "Закуска Сытная", упаковано под вакуумом	кг	40
681	Продукт из мяса свинины мясной копчёно-варёный "Прысмак Вясковы", упаковано под вакуумом	кг	40
77	Продукт из свинины копчено-вареный мясной "Грудинка по-домашнему", в/у, охл.	кг	50
693	Продукт из свинины копчено-вареный мясной "Ребра Любительские"  охл.	кг	17
85	Продукт из свинины копчено-вареный мясной. "Щековина Смачная" охлажденный , вакуумная упаковка	кг	50
1495	Продукт из свинины мясной копчено-вареный "Вырезка Ароматная" упакованно под вакуумом	кг	40
89	Продукт из свинины мясной сыровяленый "Филей Праздничный" охл., в/у	кг	20
93	Продукт из свинины мясной сырокопченый "Божоле Мраморное" охлажденный. Упаковано под вакуумом	кг	40
1617	Продукт из свинины мясной сырокопченый "Дядулин прысмак"  охл. В/У	кг	60
1520	Продукт из свинины мясной сырокопченый "Дядулин прысмак" упакованно под вакуумом	кг	60
1518	Продукт из шпика соленый мясной  "Сальце на хлебушек" охлажденный	кг	30
1531	Продукт из шпика соленый мясной  "Сальце на хлебушек" охлажденный +	кг	30
637	Продукт из шпика соленый мясной  "Шпик с чесночком в оболочке" охлажденный	кг	30
708	Продукт из шпика соленый мясной "Сало Домашнее" охлажденный,  вакуумная упаковка	кг	60
1663	Продукт из шпика соленый мясной "Сало Крестьянское" весовой охлажденный.	кг	60
1563	Продукт из шпика соленый мясной "Сало Крестьянское" охлажденный,  вакуумная упаковка	кг	60
59	Рижские Колбаски в/к в/с охл.ГАЗ	кг	25
63	Сливочные гранд Сосиски вареные в/с охл.	кг	30
1512	Сыровяленное колбасное изделие салями мясное. "Колбаски Кабаносы Итальяно" 70гр	шт	120
1500	Сыровяленное колбасное изделие салями мясное. "Колбаски Кабаносы Итальяно" высшего сорта,	кг	120
1498	Сыровяленное колбасное изделие салями мясное. "Колбаски Кабаносы Огонь" высшего сорта,	кг	120
1533	Сыровяленное колбасное изделие салями мясное. "Колбаски Кабаносы Трюфельные" высшего сорта,	кг	120
1511	Сыровяленое колбасное изделие салями мясное. "Колбаски Кабаносы Огонь" 70гр	шт	120
716	Сыровяленое колбасное изделие салями мясное. Колбаса "Ароматная" упаковано под вакуумом	кг	120
709	Сыровяленое колбасное изделие салями мясное. Колбаса "Банкетная" упаковано под вакуумом	кг	120
846	Сыровяленое колбасное изделие салями мясное. Колбаса "Графская" в/с охл., в/у	кг	120
834	Сыровяленое колбасное изделие салями мясное. Колбаса "Застольная" высшего сорта	кг	120
704	Сыровяленое колбасное изделие салями мясное. Колбаса "Престиж", охлажденная, упаковано под вакуумом	кг	120
1517	Сыровяленое колбасное изделие салями мясное. Колбаса "ФЕЛИНО ИТАЛИЯ" в/с, охл.   без вакуума	кг	45
844	Сыровяленое колбасное изделие салями мясное. Колбаса "ФЕЛИНО ИТАЛИЯ" в/с, охл., в/у	кг	120
1560	Товары для свотофор		0
448	Услуги работы		0
449	Передача (продажа) теплоэнергии	гигакал	0
643	Плата за право пользование частью земельного участка, обремененного сервитутом	га	0
818	Реализация товаров по розничным ценам	руб	0
450	Сдача внаем собственного и арендуемого недвижимого имущества	м2	0
702	Транспортные расходы	руб	0
914	Услуга по обвалке мяса на давальческих условиях	кг	0
668	Услуга по проверке технических характеристик зданий		0
451	Услуги по убою и первичной переработке скота на давальческих условиях	кг	0
452	Услуги по хранению товара, продукции	сут; дн	0
1649	Хранение		0
1648	Консерва мясная Говядина рубленая тушеная 338гр	шт	0
1496	"Вырезка Ароматная" (производство)	кг	40
1411	Блоки из ОБРЕЗИ мясн.СВИН. 30-50% зам для П/П	кг	180
1468	Блоки из ОБРЕЗИ мясн.СВИН. 30-50% зам для п/п А	кг	180
1664	Полуфабрикат мясной из свинины крупнокусковой бескостный "Вырезка". замороженный	кг	180
1650	Полуфабрикат мясной из свинины крупнокусковой бескостный "Вырезка". охлажденный, вакуум	кг	10
1671	Полуфабрикат мясной из свинины крупнокусковой бескостный "Вырезка". охлажденный,весовой	кг	6
1655	Полуфабрикат мясной из свинины крупнокусковой бескостный "Лопаточная часть". охлажденный, вакуум	кг	10
1654	Полуфабрикат мясной из свинины крупнокусковой бескостный "Полуфабрикат для паляндвицы".охл,вакуум	кг	10
1651	Полуфабрикат мясной из свинины крупнокусковой бескостный "Тазобедренная часть". охлажденный, вакуум	кг	10
1566	Полуфабрикат мясной крупнокусковой бескостный из свинины "Грудинка  Нежная" охлажденный	кг	6
1514	Ребрышки для гриля (производство)	кг	0
1602	Сыровяленое колбасное изделие салями мясное. Колбаса "ВЯСКОВАЯ" высшего сорта,	кг	120
1506	Сыровяленое колбасное изделие салями мясное. Колбаса "Домашняя" высшего сорта,	кг	120
